[[],[{"uid":268,"gmailMessageId":1751726553637118383,"body":"","htmlBody":null,"from":"\u0022sandkassesandbox@gmail.com\u0022 \u003Csandkassesandbox@gmail.com\u003E","sender":"\u0022sandkassesandbox@gmail.com\u0022 \u003Csandkassesandbox@gmail.com\u003E","to":"Sandkassesandbox@gmail.com","cc":"","date":"09-12-2022 10:01:59 \u002B01:00","subject":"Multiple attachments","attachments":"Asger_Poulsen_202106630_Eksamen3.pdf;icons8-live-folder-32.png;material-h7mWW5ZY.ggb;Differential_equation___Assignment_3.pdf;PowerPoint skabelon.pptx;K11. Regressionsanalyse del 1.pptx;","flags":"Seen","folder":"INBOX"},{"uid":265,"gmailMessageId":1751643235560893325,"body":"Remember standup meeting today\r\n\r\n| \r\nAsger Poulsen\r\nTeaching Assistant\r\n\r\n\u00A0\r\n | \r\nAarhus University\r\n\r\nDepartment of Mathematics\r\n\r\nNy Munkegade 118\r\n\r\n8000 Aarhus C\r\n\r\nDenmark\r\n |\r\n\r\n\r\n\u00A0\r\n\r\n| \r\nTel.: \u002B45 2929 3997\r\nEmail:\u00A0202106630@post.au.dk\u00A0\u00A0\r\n | \r\n\r\nWeb:\u00A0www.math.au.dk/en\r\n |\r\n\r\n","htmlBody":null,"from":"\u0022Asger Poulsen\u0022 \u003Casger.poulsen@yahoo.com\u003E","sender":"\u0022Asger Poulsen\u0022 \u003Casger.poulsen@yahoo.com\u003E","to":"\u0022sandkassesandbox@gmail.com\u0022 \u003Csandkassesandbox@gmail.com\u003E","cc":"","date":"08-12-2022 10:59:23 \u002B00:00","subject":"Meeting details 8/12","attachments":null,"flags":" Seen","folder":"INBOX"},{"uid":264,"gmailMessageId":1751643428968905283,"body":"\r\n\r\n\r\n| \r\nAsger Poulsen\r\nTeaching Assistant\r\n\r\n\u00A0\r\n | \r\nAarhus University\r\n\r\nDepartment of Mathematics\r\n\r\nNy Munkegade 118\r\n\r\n8000 Aarhus C\r\n\r\nDenmark\r\n |\r\n\r\n\r\n\u00A0\r\n\r\n| \r\nTel.: \u002B45 2929 3997\r\nEmail:\u00A0202106630@post.au.dk\u00A0\u00A0\r\n | \r\n\r\nWeb:\u00A0www.math.au.dk/en\r\n |\r\n\r\n","htmlBody":null,"from":"\u0022Asger Poulsen\u0022 \u003Casger.poulsen@yahoo.com\u003E","sender":"\u0022Asger Poulsen\u0022 \u003Casger.poulsen@yahoo.com\u003E","to":"\u0022sandkassesandbox@gmail.com\u0022 \u003Csandkassesandbox@gmail.com\u003E","cc":"","date":"08-12-2022 11:02:23 \u002B00:00","subject":"DO NOT READ AT WORK!!","attachments":"Unknown-2;","flags":"Seen","folder":"INBOX"},{"uid":257,"gmailMessageId":1751648222912691706,"body":"","htmlBody":null,"from":"\u0022sandkassesandbox@gmail.com\u0022 \u003Csandkassesandbox@gmail.com\u003E","sender":"\u0022sandkassesandbox@gmail.com\u0022 \u003Csandkassesandbox@gmail.com\u003E","to":"sandkassesandbox@gmail.com","cc":"","date":"08-12-2022 13:18:24 \u002B01:00","subject":"A mail with pdf","attachments":"billetter-Et_Juleeventyr.pdf;","flags":"Seen","folder":"INBOX"},{"uid":269,"gmailMessageId":0,"body":"Two bytes meet.  The first byte asks, \u201CAre you ill?\u201D\r\nThe second byte replies, \u201CNo, just feeling a bit off.\u201D\r\n[image:\r\n60d33be8cf4ba7565123c8bc_YPD3ulQQAGQpOcnqIm3QzSTRgzmr1SexpW9ZjMpJ1mAnUxx4iF05XOTu44sk0qQG-8XgBcYmGZGAD-5SAZvJl3TjtmhgWnn-w0C2XKwhBscV78RVvhwZfyp0v_Pa6sNj5zxpOvRW.png]\r\n","htmlBody":null,"from":"\u0022Viggo Stark\u0022 \u003Cnielsviggostark@gmail.com\u003E","sender":"\u0022Viggo Stark\u0022 \u003Cnielsviggostark@gmail.com\u003E","to":"sandkassesandbox@gmail.com","cc":"","date":"09-12-2022 12:23:04 \u002B01:00","subject":"Hello World!","attachments":null,"flags":"None, Seen","folder":"INBOX"},{"uid":270,"gmailMessageId":0,"body":"a^2 \u002B b^2 skal vi c hinanden?\r\n\r\n| \r\nAsger Poulsen\r\nTeaching Assistant\r\n\r\n\u00A0\r\n | \r\nAarhus University\r\n\r\nDepartment of Mathematics\r\n\r\nNy Munkegade 118\r\n\r\n8000 Aarhus C\r\n\r\nDenmark\r\n |\r\n\r\n\r\n\u00A0\r\n\r\n| \r\nTel.: \u002B45 2929 3997\r\nEmail:\u00A0202106630@post.au.dk\u00A0\u00A0\r\n | \r\n\r\nWeb:\u00A0www.math.au.dk/en\r\n |\r\n\r\n","htmlBody":null,"from":"\u0022Asger Poulsen\u0022 \u003Casger.poulsen@yahoo.com\u003E","sender":"\u0022Asger Poulsen\u0022 \u003Casger.poulsen@yahoo.com\u003E","to":"\u0022sandkassesandbox@gmail.com\u0022 \u003Csandkassesandbox@gmail.com\u003E","cc":"","date":"08-12-2022 10:59:52 \u002B00:00","subject":"Beautiful math","attachments":null,"flags":"Seen","folder":"INBOX"},{"uid":271,"gmailMessageId":0,"body":"\r\n\r\n\r\n| \r\nAsger Poulsen\r\nTeaching Assistant\r\n\r\n\u00A0\r\n | \r\nAarhus University\r\n\r\nDepartment of Mathematics\r\n\r\nNy Munkegade 118\r\n\r\n8000 Aarhus C\r\n\r\nDenmark\r\n |\r\n\r\n\r\n\u00A0\r\n\r\n| \r\nTel.: \u002B45 2929 3997\r\nEmail:\u00A0202106630@post.au.dk\u00A0\u00A0\r\n | \r\n\r\nWeb:\u00A0www.math.au.dk/en\r\n |\r\n\r\n","htmlBody":null,"from":"\u0022Asger Poulsen\u0022 \u003Casger.poulsen@yahoo.com\u003E","sender":"\u0022Asger Poulsen\u0022 \u003Casger.poulsen@yahoo.com\u003E","to":"\u0022sandkassesandbox@gmail.com\u0022 \u003Csandkassesandbox@gmail.com\u003E","cc":"","date":"08-12-2022 10:58:54 \u002B00:00","subject":"IMPORTANT! ATTACHMENT!","attachments":"Niels_Viggo_Stark_Madsen_202106096_Eksamen3.pdf;","flags":"Seen","folder":"INBOX"},{"uid":272,"gmailMessageId":0,"body":"with attachments","htmlBody":null,"from":"\u0022sandkassesandbox@gmail.com\u0022 \u003Csandkassesandbox@gmail.com\u003E","sender":"\u0022sandkassesandbox@gmail.com\u0022 \u003Csandkassesandbox@gmail.com\u003E","to":"sandkassesandbox@gmail.com","cc":"","date":"09-12-2022 12:30:38 \u002B01:00","subject":"New email","attachments":"icons8-spinner.gif;Asger_Poulsen_202106630_Eksamen3.pdf;","flags":"None","folder":"INBOX"}],[{"uid":393,"gmailMessageId":1751726553637118383,"body":"","htmlBody":null,"from":"\u0022sandkassesandbox@gmail.com\u0022 \u003Csandkassesandbox@gmail.com\u003E","sender":"\u0022sandkassesandbox@gmail.com\u0022 \u003Csandkassesandbox@gmail.com\u003E","to":"Sandkassesandbox@gmail.com","cc":"","date":"09-12-2022 10:01:59 \u002B01:00","subject":"Multiple attachments","attachments":"Asger_Poulsen_202106630_Eksamen3.pdf;icons8-live-folder-32.png;material-h7mWW5ZY.ggb;Differential_equation___Assignment_3.pdf;PowerPoint skabelon.pptx;K11. Regressionsanalyse del 1.pptx;","flags":"Seen","folder":"[Gmail]/Alle mails"},{"uid":391,"gmailMessageId":1751723601404828140,"body":"This is going to be a draft.","htmlBody":null,"from":"","sender":"","to":"andreaskaag@hotmail.com","cc":"","date":"09-12-2022 09:16:46 \u002B01:00","subject":"A new e-mail","attachments":"icons8-live-folder-32.png;","flags":"Seen","folder":"[Gmail]/Alle mails"},{"uid":387,"gmailMessageId":1751643597063411139,"body":"alkdsfh\r\n","htmlBody":null,"from":"\u0022Viggo Stark\u0022 \u003Cnielsviggostark@gmail.com\u003E","sender":"\u0022Viggo Stark\u0022 \u003Cnielsviggostark@gmail.com\u003E","to":"sandkassesandbox@gmail.com","cc":"","date":"08-12-2022 12:04:59 \u002B01:00","subject":"test af alle emials","attachments":null,"flags":"Seen","folder":"[Gmail]/Alle mails"},{"uid":386,"gmailMessageId":1751643265083978236,"body":"a^2 \u002B b^2 skal vi c hinanden?\r\n\r\n| \r\nAsger Poulsen\r\nTeaching Assistant\r\n\r\n\u00A0\r\n | \r\nAarhus University\r\n\r\nDepartment of Mathematics\r\n\r\nNy Munkegade 118\r\n\r\n8000 Aarhus C\r\n\r\nDenmark\r\n |\r\n\r\n\r\n\u00A0\r\n\r\n| \r\nTel.: \u002B45 2929 3997\r\nEmail:\u00A0202106630@post.au.dk\u00A0\u00A0\r\n | \r\n\r\nWeb:\u00A0www.math.au.dk/en\r\n |\r\n\r\n","htmlBody":null,"from":"\u0022Asger Poulsen\u0022 \u003Casger.poulsen@yahoo.com\u003E","sender":"\u0022Asger Poulsen\u0022 \u003Casger.poulsen@yahoo.com\u003E","to":"\u0022sandkassesandbox@gmail.com\u0022 \u003Csandkassesandbox@gmail.com\u003E","cc":"","date":"08-12-2022 10:59:52 \u002B00:00","subject":"Beautiful math","attachments":null,"flags":"Seen","folder":"[Gmail]/Alle mails"},{"uid":385,"gmailMessageId":1751648222912691706,"body":"","htmlBody":null,"from":"\u0022sandkassesandbox@gmail.com\u0022 \u003Csandkassesandbox@gmail.com\u003E","sender":"\u0022sandkassesandbox@gmail.com\u0022 \u003Csandkassesandbox@gmail.com\u003E","to":"sandkassesandbox@gmail.com","cc":"","date":"08-12-2022 13:18:24 \u002B01:00","subject":"A mail with pdf","attachments":"billetter-Et_Juleeventyr.pdf;","flags":"Seen","folder":"[Gmail]/Alle mails"},{"uid":384,"gmailMessageId":1751643209878183314,"body":"\r\n\r\n\r\n| \r\nAsger Poulsen\r\nTeaching Assistant\r\n\r\n\u00A0\r\n | \r\nAarhus University\r\n\r\nDepartment of Mathematics\r\n\r\nNy Munkegade 118\r\n\r\n8000 Aarhus C\r\n\r\nDenmark\r\n |\r\n\r\n\r\n\u00A0\r\n\r\n| \r\nTel.: \u002B45 2929 3997\r\nEmail:\u00A0202106630@post.au.dk\u00A0\u00A0\r\n | \r\n\r\nWeb:\u00A0www.math.au.dk/en\r\n |\r\n\r\n","htmlBody":null,"from":"\u0022Asger Poulsen\u0022 \u003Casger.poulsen@yahoo.com\u003E","sender":"\u0022Asger Poulsen\u0022 \u003Casger.poulsen@yahoo.com\u003E","to":"\u0022sandkassesandbox@gmail.com\u0022 \u003Csandkassesandbox@gmail.com\u003E","cc":"","date":"08-12-2022 10:58:54 \u002B00:00","subject":"IMPORTANT! ATTACHMENT!","attachments":"Niels_Viggo_Stark_Madsen_202106096_Eksamen3.pdf;","flags":"Seen","folder":"[Gmail]/Alle mails"},{"uid":383,"gmailMessageId":1751657662368955233,"body":"abc\r\n","htmlBody":null,"from":"\u0022Buster Rasmussen\u0022 \u003Cbustersalomonrasmussen@gmail.com\u003E","sender":"\u0022Buster Rasmussen\u0022 \u003Cbustersalomonrasmussen@gmail.com\u003E","to":"sandkassesandbox@gmail.com","cc":"","date":"08-12-2022 15:48:31 \u002B01:00","subject":"spam test","attachments":null,"flags":"None","folder":"[Gmail]/Alle mails"},{"uid":378,"gmailMessageId":1751643853669299463,"body":"asdflhiasdf\r\n","htmlBody":null,"from":"\u0022Viggo Stark\u0022 \u003Cnielsviggostark@gmail.com\u003E","sender":"\u0022Viggo Stark\u0022 \u003Cnielsviggostark@gmail.com\u003E","to":"sandkassesandbox@gmail.com","cc":"","date":"08-12-2022 12:09:04 \u002B01:00","subject":"test 2 alle emails","attachments":null,"flags":"Seen","folder":"[Gmail]/Alle mails"},{"uid":374,"gmailMessageId":1751643428968905283,"body":"\r\n\r\n\r\n| \r\nAsger Poulsen\r\nTeaching Assistant\r\n\r\n\u00A0\r\n | \r\nAarhus University\r\n\r\nDepartment of Mathematics\r\n\r\nNy Munkegade 118\r\n\r\n8000 Aarhus C\r\n\r\nDenmark\r\n |\r\n\r\n\r\n\u00A0\r\n\r\n| \r\nTel.: \u002B45 2929 3997\r\nEmail:\u00A0202106630@post.au.dk\u00A0\u00A0\r\n | \r\n\r\nWeb:\u00A0www.math.au.dk/en\r\n |\r\n\r\n","htmlBody":null,"from":"\u0022Asger Poulsen\u0022 \u003Casger.poulsen@yahoo.com\u003E","sender":"\u0022Asger Poulsen\u0022 \u003Casger.poulsen@yahoo.com\u003E","to":"\u0022sandkassesandbox@gmail.com\u0022 \u003Csandkassesandbox@gmail.com\u003E","cc":"","date":"08-12-2022 11:02:23 \u002B00:00","subject":"DO NOT READ AT WORK!!","attachments":"Unknown-2;","flags":"Seen","folder":"[Gmail]/Alle mails"},{"uid":372,"gmailMessageId":1751643235560893325,"body":"Remember standup meeting today\r\n\r\n| \r\nAsger Poulsen\r\nTeaching Assistant\r\n\r\n\u00A0\r\n | \r\nAarhus University\r\n\r\nDepartment of Mathematics\r\n\r\nNy Munkegade 118\r\n\r\n8000 Aarhus C\r\n\r\nDenmark\r\n |\r\n\r\n\r\n\u00A0\r\n\r\n| \r\nTel.: \u002B45 2929 3997\r\nEmail:\u00A0202106630@post.au.dk\u00A0\u00A0\r\n | \r\n\r\nWeb:\u00A0www.math.au.dk/en\r\n |\r\n\r\n","htmlBody":null,"from":"\u0022Asger Poulsen\u0022 \u003Casger.poulsen@yahoo.com\u003E","sender":"\u0022Asger Poulsen\u0022 \u003Casger.poulsen@yahoo.com\u003E","to":"\u0022sandkassesandbox@gmail.com\u0022 \u003Csandkassesandbox@gmail.com\u003E","cc":"","date":"08-12-2022 10:59:23 \u002B00:00","subject":"Meeting details 8/12","attachments":null,"flags":"Seen","folder":"[Gmail]/Alle mails"},{"uid":370,"gmailMessageId":1751642901698736105,"body":"fajkdsfhlkasdf\r\n","htmlBody":null,"from":"\u0022Viggo Stark\u0022 \u003Cnielsviggostark@gmail.com\u003E","sender":"\u0022Viggo Stark\u0022 \u003Cnielsviggostark@gmail.com\u003E","to":"\u0022sandkassesandbox@gmail.com\u0022 \u003Csandkassesandbox@gmail.com\u003E","cc":"","date":"08-12-2022 11:53:56 \u002B01:00","subject":"test move","attachments":null,"flags":"None","folder":"[Gmail]/Alle mails"},{"uid":394,"gmailMessageId":0,"body":"\r\n-------- Forwarded message --------\r\n\u0022Asger Poulsen\u0022 \u003Casger.poulsen@yahoo.com\u003E\r\n\r\n\u0022sandkassesandbox@gmail.com\u0022 \u003Csandkassesandbox@gmail.com\u003E\r\n\r\n\r\n\r\n| \r\nAsger Poulsen\r\nTeaching Assistant\r\n\r\n\u00A0\r\n | \r\nAarhus University\r\n\r\nDepartment of Mathematics\r\n\r\nNy Munkegade 118\r\n\r\n8000 Aarhus C\r\n\r\nDenmark\r\n |\r\n\r\n\r\n\u00A0\r\n\r\n| \r\nTel.: \u002B45 2929 3997\r\nEmail:\u00A0202106630@post.au.dk\u00A0\u00A0\r\n | \r\n\r\nWeb:\u00A0www.math.au.dk/en\r\n |\r\n\r\n","htmlBody":null,"from":"\u0022sandkassesandbox@gmail.com\u0022 \u003Csandkassesandbox@gmail.com\u003E","sender":"\u0022sandkassesandbox@gmail.com\u0022 \u003Csandkassesandbox@gmail.com\u003E","to":"lukas.esterle@ece.au.dk","cc":"","date":"09-12-2022 12:21:37 \u002B01:00","subject":"Fwrd: IMPORTANT! ATTACHMENT!","attachments":"giphy.gif;","flags":"Seen","folder":"[Gmail]/Alle mails"},{"uid":395,"gmailMessageId":0,"body":"Two bytes meet.  The first byte asks, \u201CAre you ill?\u201D\r\nThe second byte replies, \u201CNo, just feeling a bit off.\u201D\r\n[image:\r\n60d33be8cf4ba7565123c8bc_YPD3ulQQAGQpOcnqIm3QzSTRgzmr1SexpW9ZjMpJ1mAnUxx4iF05XOTu44sk0qQG-8XgBcYmGZGAD-5SAZvJl3TjtmhgWnn-w0C2XKwhBscV78RVvhwZfyp0v_Pa6sNj5zxpOvRW.png]\r\n","htmlBody":null,"from":"\u0022Viggo Stark\u0022 \u003Cnielsviggostark@gmail.com\u003E","sender":"\u0022Viggo Stark\u0022 \u003Cnielsviggostark@gmail.com\u003E","to":"sandkassesandbox@gmail.com","cc":"","date":"09-12-2022 12:23:04 \u002B01:00","subject":"Hello World!","attachments":null,"flags":"None","folder":"[Gmail]/Alle mails"},{"uid":396,"gmailMessageId":0,"body":"hello world","htmlBody":null,"from":"","sender":"","to":"","cc":"","date":"09-12-2022 12:24:15 \u002B01:00","subject":"This will a draft","attachments":"loading-gif.gif;","flags":"None","folder":"[Gmail]/Alle mails"},{"uid":397,"gmailMessageId":0,"body":"with attachments","htmlBody":null,"from":"\u0022sandkassesandbox@gmail.com\u0022 \u003Csandkassesandbox@gmail.com\u003E","sender":"\u0022sandkassesandbox@gmail.com\u0022 \u003Csandkassesandbox@gmail.com\u003E","to":"sandkassesandbox@gmail.com","cc":"","date":"09-12-2022 12:30:38 \u002B01:00","subject":"New email","attachments":"icons8-spinner.gif;Asger_Poulsen_202106630_Eksamen3.pdf;","flags":"None","folder":"[Gmail]/Alle mails"}],[{"uid":96,"gmailMessageId":1751723601404828140,"body":"This is going to be a draft.","htmlBody":null,"from":"","sender":"","to":"andreaskaag@hotmail.com","cc":"","date":"09-12-2022 09:16:46 \u002B01:00","subject":"A new e-mail","attachments":"icons8-live-folder-32.png;","flags":"Seen, Draft","folder":"[Gmail]/Kladder"},{"uid":97,"gmailMessageId":0,"body":"hello world","htmlBody":null,"from":"","sender":"","to":"","cc":"","date":"09-12-2022 12:24:15 \u002B01:00","subject":"This will a draft","attachments":"loading-gif.gif;","flags":"Draft","folder":"[Gmail]/Kladder"}],[{"uid":314,"gmailMessageId":1751661239981508309,"body":"abc\r\n","htmlBody":null,"from":"\u0022Buster Rasmussen\u0022 \u003Cbustersalomonrasmussen@gmail.com\u003E","sender":"\u0022Buster Rasmussen\u0022 \u003Cbustersalomonrasmussen@gmail.com\u003E","to":"sandkassesandbox@gmail.com","cc":"","date":"08-12-2022 16:45:24 \u002B01:00","subject":"spamtest3","attachments":null,"flags":"Seen","folder":"[Gmail]/Papirkurv"},{"uid":313,"gmailMessageId":1751661178320078287,"body":"djisdji abc\r\n","htmlBody":null,"from":"\u0022Buster Rasmussen\u0022 \u003Cbustersalomonrasmussen@gmail.com\u003E","sender":"\u0022Buster Rasmussen\u0022 \u003Cbustersalomonrasmussen@gmail.com\u003E","to":"sandkassesandbox@gmail.com","cc":"","date":"08-12-2022 16:44:25 \u002B01:00","subject":"Spamtest 2","attachments":null,"flags":"Seen","folder":"[Gmail]/Papirkurv"},{"uid":316,"gmailMessageId":0,"body":"\r\n\r\n\r\n| \r\nAsger Poulsen\r\nTeaching Assistant\r\n\r\n\u00A0\r\n | \r\nAarhus University\r\n\r\nDepartment of Mathematics\r\n\r\nNy Munkegade 118\r\n\r\n8000 Aarhus C\r\n\r\nDenmark\r\n |\r\n\r\n\r\n\u00A0\r\n\r\n| \r\nTel.: \u002B45 2929 3997\r\nEmail:\u00A0202106630@post.au.dk\u00A0\u00A0\r\n | \r\n\r\nWeb:\u00A0www.math.au.dk/en\r\n |\r\n\r\n","htmlBody":null,"from":"\u0022Asger Poulsen\u0022 \u003Casger.poulsen@yahoo.com\u003E","sender":"\u0022Asger Poulsen\u0022 \u003Casger.poulsen@yahoo.com\u003E","to":"\u0022sandkassesandbox@gmail.com\u0022 \u003Csandkassesandbox@gmail.com\u003E","cc":"","date":"08-12-2022 11:10:34 \u002B00:00","subject":"Are you Fourierous?","attachments":null,"flags":"Seen","folder":"[Gmail]/Papirkurv"}],[{"uid":178,"gmailMessageId":1751726553637118383,"body":"","htmlBody":null,"from":"\u0022sandkassesandbox@gmail.com\u0022 \u003Csandkassesandbox@gmail.com\u003E","sender":"\u0022sandkassesandbox@gmail.com\u0022 \u003Csandkassesandbox@gmail.com\u003E","to":"Sandkassesandbox@gmail.com","cc":"","date":"09-12-2022 10:01:59 \u002B01:00","subject":"Multiple attachments","attachments":"Asger_Poulsen_202106630_Eksamen3.pdf;icons8-live-folder-32.png;material-h7mWW5ZY.ggb;Differential_equation___Assignment_3.pdf;PowerPoint skabelon.pptx;K11. Regressionsanalyse del 1.pptx;","flags":"Seen","folder":"[Gmail]/Sendte mails"},{"uid":177,"gmailMessageId":1751648222912691706,"body":"","htmlBody":null,"from":"\u0022sandkassesandbox@gmail.com\u0022 \u003Csandkassesandbox@gmail.com\u003E","sender":"\u0022sandkassesandbox@gmail.com\u0022 \u003Csandkassesandbox@gmail.com\u003E","to":"sandkassesandbox@gmail.com","cc":"","date":"08-12-2022 13:18:24 \u002B01:00","subject":"A mail with pdf","attachments":"billetter-Et_Juleeventyr.pdf;","flags":"Seen","folder":"[Gmail]/Sendte mails"},{"uid":179,"gmailMessageId":0,"body":"\r\n-------- Forwarded message --------\r\n\u0022Asger Poulsen\u0022 \u003Casger.poulsen@yahoo.com\u003E\r\n\r\n\u0022sandkassesandbox@gmail.com\u0022 \u003Csandkassesandbox@gmail.com\u003E\r\n\r\n\r\n\r\n| \r\nAsger Poulsen\r\nTeaching Assistant\r\n\r\n\u00A0\r\n | \r\nAarhus University\r\n\r\nDepartment of Mathematics\r\n\r\nNy Munkegade 118\r\n\r\n8000 Aarhus C\r\n\r\nDenmark\r\n |\r\n\r\n\r\n\u00A0\r\n\r\n| \r\nTel.: \u002B45 2929 3997\r\nEmail:\u00A0202106630@post.au.dk\u00A0\u00A0\r\n | \r\n\r\nWeb:\u00A0www.math.au.dk/en\r\n |\r\n\r\n","htmlBody":null,"from":"\u0022sandkassesandbox@gmail.com\u0022 \u003Csandkassesandbox@gmail.com\u003E","sender":"\u0022sandkassesandbox@gmail.com\u0022 \u003Csandkassesandbox@gmail.com\u003E","to":"lukas.esterle@ece.au.dk","cc":"","date":"09-12-2022 12:21:37 \u002B01:00","subject":"Fwrd: IMPORTANT! ATTACHMENT!","attachments":"giphy.gif;","flags":"Seen","folder":"[Gmail]/Sendte mails"},{"uid":180,"gmailMessageId":0,"body":"with attachments","htmlBody":null,"from":"\u0022sandkassesandbox@gmail.com\u0022 \u003Csandkassesandbox@gmail.com\u003E","sender":"\u0022sandkassesandbox@gmail.com\u0022 \u003Csandkassesandbox@gmail.com\u003E","to":"sandkassesandbox@gmail.com","cc":"","date":"09-12-2022 12:30:38 \u002B01:00","subject":"New email","attachments":"icons8-spinner.gif;Asger_Poulsen_202106630_Eksamen3.pdf;","flags":"None","folder":"[Gmail]/Sendte mails"}],[],[],[]]